{
  "images" : [
    {
      "filename" : "icons8-chiudi-la-finestra-96_white.png",
      "idiom" : "universal",
      "scale" : "1x"
    },
    {
      "filename" : "icons8-chiudi-la-finestra-96_white-1.png",
      "idiom" : "universal",
      "scale" : "2x"
    },
    {
      "filename" : "icons8-chiudi-la-finestra-96_white-2.png",
      "idiom" : "universal",
      "scale" : "3x"
    }
  ],
  "info" : {
    "author" : "xcode",
    "version" : 1
  },
  "properties" : {
    "template-rendering-intent" : "template"
  }
}
