{
  "images" : [
    {
      "filename" : "icons8-instagram-reels-100.png",
      "idiom" : "universal",
      "scale" : "1x"
    },
    {
      "filename" : "icons8-instagram-reels-100@2x.png",
      "idiom" : "universal",
      "scale" : "2x"
    },
    {
      "filename" : "icons8-instagram-reels-100@3x.png",
      "idiom" : "universal",
      "scale" : "3x"
    }
  ],
  "info" : {
    "author" : "xcode",
    "version" : 1
  },
  "properties" : {
    "template-rendering-intent" : "template"
  }
}
